{
    "display": {
        "icon": {
            "item": "minecraft:golden_axe",
            "nbt": "{Enchantments:[{}]}"
        },
        "title": "支給品マスター",
        "description": "すべての支給品でプレイヤーを倒す",
        "frame": "challenge",
        "show_toast": true,
        "announce_to_chat": true,
        "hidden": true
    },
    "parent": "survival_battle_royale:adv/sikyu_user",
    "criteria": {
        "stone_axe": {
            "trigger": "minecraft:player_killed_entity",
            "conditions": {
                "player": [
                    {
                        "condition": "minecraft:entity_properties",
                        "entity": "this",
                        "predicate": {
                            "equipment": {
                                "mainhand": {
                                    "items": [
                                        "minecraft:stone_axe"
                                    ],
                                    "nbt": "{NBT:\"Sikyu\"}"
                                }
                            }
                        }
                    }
                ],
                "entity": [
                    {
                        "condition": "minecraft:entity_properties",
                        "entity": "this",
                        "predicate": {
                            "type": "minecraft:player"
                        }
                    }
                ]
            }
        },
        "stone_pickaxe": {
            "trigger": "minecraft:player_killed_entity",
            "conditions": {
                "player": [
                    {
                        "condition": "minecraft:entity_properties",
                        "entity": "this",
                        "predicate": {
                            "equipment": {
                                "mainhand": {
                                    "items": [
                                        "minecraft:stone_pickaxe"
                                    ],
                                    "nbt": "{NBT:\"Sikyu\"}"
                                }
                            }
                        }
                    }
                ],
                "entity": [
                    {
                        "condition": "minecraft:entity_properties",
                        "entity": "this",
                        "predicate": {
                            "type": "minecraft:player"
                        }
                    }
                ]
            }
        },
        "stone_shovel": {
            "trigger": "minecraft:player_killed_entity",
            "conditions": {
                "player": [
                    {
                        "condition": "minecraft:entity_properties",
                        "entity": "this",
                        "predicate": {
                            "equipment": {
                                "mainhand": {
                                    "items": [
                                        "minecraft:stone_shovel"
                                    ],
                                    "nbt": "{NBT:\"Sikyu\"}"
                                }
                            }
                        }
                    }
                ],
                "entity": [
                    {
                        "condition": "minecraft:entity_properties",
                        "entity": "this",
                        "predicate": {
                            "type": "minecraft:player"
                        }
                    }
                ]
            }
        },
        "cooked_beef": {
            "trigger": "minecraft:player_killed_entity",
            "conditions": {
                "player": [
                    {
                        "condition": "minecraft:entity_properties",
                        "entity": "this",
                        "predicate": {
                            "equipment": {
                                "mainhand": {
                                    "items": [
                                        "minecraft:cooked_beef"
                                    ],
                                    "nbt": "{NBT:\"Sikyu\"}"
                                }
                            }
                        }
                    }
                ],
                "entity": [
                    {
                        "condition": "minecraft:entity_properties",
                        "entity": "this",
                        "predicate": {
                            "type": "minecraft:player"
                        }
                    }
                ]
            }
        }
    }
}