{
    "display": {
        "icon": {
            "item": "minecraft:stone_axe"
        },
        "title": "支給品使い",
        "description": "いずれかの支給品でプレイヤーを倒す",
        "frame": "challenge",
        "show_toast": true,
        "announce_to_chat": true,
        "hidden": false
    },
    "parent": "survival_battle_royale:adv/survivor",
    "criteria": {
        "kill_player": {
            "trigger": "minecraft:player_killed_entity",
            "conditions": {
                "player": [
                    {
                        "condition": "minecraft:entity_properties",
                        "entity": "this",
                        "predicate": {
                            "equipment": {
                                "mainhand": {
                                    "nbt": "{NBT:\"Sikyu\"}"
                                }
                            }
                        }
                    }
                ],
                "entity": [
                    {
                        "condition": "minecraft:entity_properties",
                        "entity": "this",
                        "predicate": {
                            "type": "minecraft:player"
                        }
                    }
                ]
            }
        }
    }
}